"Sr.","Stock Name","Symbol","close","%_change","volume","sector","industry","Add Column"
1,"Sambhv Steel Tubes Ltd","SAMBHV","147.57","14.32%","2,82,85,913","metals & mining","steel - medium / small",""
2,"Avalon Technologies Ltd","AVALON","2,537.7","13.8%","43,10,981","consumer discretionary","electronics - components",""
3,"Nrb Bearing Limited","NRBBEARING","525.5","11.29%","97,38,086","industrials","bearings",""
4,"Talbros Automotive Components Limited","TALBROAUTO","476.7","9.54%","19,60,823","auto","auto ancillaries",""
5,"Macpower CNC Machines Ltd","MACPOWER","2,104.5","9.52%","2,37,776","industrials","engineering",""
6,"D.P. Abhushan Ltd","DPABHUSHAN","1,448.3","8.32%","37,904","consumer discretionary","diamond cutting / jewellery",""
7,"Welspun Corp Limited","WELCORP","2,660.1","8.12%","46,29,365","industrials","steel - large",""
8,"Kabra Extrusion Technik Limited","KABRAEXTRU","681.6","7.72%","2,33,883","industrials","engineering",""
9,"GMM Pfaudler Ltd","GMMPFAUDLR","1,467","7.6%","12,07,844","industrials","engineering",""
10,"HLE Glascoat Ltd","HLEGLAS","446.9","7.52%","10,20,903","industrials","engineering",""
11,"Supreme Petrochem Ltd","SPLPETRO","865.7","7.27%","12,34,723","energy","petrochemicals",""
12,"West Coast Paper Mills Limited","WSTCSTPAPR","768.3","7.24%","5,92,182","building materials","paper",""
13,"Azad Engineering Ltd","AZAD","2,790.3","7.1%","7,00,873","aerospace & defence","engineering",""
14,"Venus Pipes & Tubes Ltd","VENUSPIPES","2,282.9","7.09%","12,74,312","metals & mining","steel - medium / small",""
15,"Sms Pharmaceuticals Limited","SMSPHARMA","442.95","7.06%","17,45,125","healthcare","pharmaceuticals - indian - bulk drugs",""
16,"Jyoti CNC Automation Ltd","JYOTICNC","1,049.7","7.02%","39,79,254","industrials","engineering",""
17,"Steel Strips Wheels Limited","SSWL","372.4","6.93%","18,35,082","auto","auto ancillaries",""
18,"S J S Enterprises Ltd","SJS","2,422.8","6.92%","9,92,502","auto","plastics products",""
19,"Syrma SGS Technology Ltd","SYRMA","1,728.9","6.87%","1,04,74,149","consumer discretionary","electronics - components",""
20,"JSW Infrastructure Ltd","JSWINFRA","348.25","6.61%","2,54,70,641","transportation","miscellaneous",""
21,"Uno Minda Ltd","UNOMINDA","1,284","6.56%","12,77,954","auto","auto ancillaries",""
22,"Shilpa Medicare Limited","SHILPAMED","1,021.1","6.55%","17,66,385","healthcare","pharmaceuticals - indian - formulations",""
23,"Precision Wires India Limited","PRECWIRE","478.4","6.49%","18,40,592","metals & mining","mining / minerals / metals",""
24,"Skipper Limited","SKIPPER","566.2","6.32%","14,33,300","industrials","engineering",""
25,"Yatharth Hospital & Trauma Care Services Ltd","YATHARTH","1,139.5","6.26%","64,84,052","healthcare","healthcare",""
26,"GNG Electronics Ltd","EBGNG","703.05","6.26%","10,67,215","services","trading",""
27,"Edelweiss Financial Services Limited","EDELWEISS","136.25","6.16%","91,48,549","financials","finance & investments",""
28,"Electronics Mart India Ltd","EMIL","196.28","6.06%","1,57,51,870","consumer discretionary","trading",""
29,"Beml Limited","BEML","2,135","6.04%","13,80,251","aerospace & defence","engineering",""
30,"Sansera Engineering Ltd","SANSERA","4,259.9","6.03%","2,87,946","auto","auto ancillaries",""
31,"ASK Automotive Ltd","ASKAUTOLTD","656.25","6.03%","5,15,555","auto","auto ancillaries",""
32,"India Glycols Limited","INDIAGLYCO","263.7","6.03%","16,78,037","fmcg","breweries & distilleries",""
33,"Apar Industries Limited","APARINDS","18,858","5.94%","2,71,798","industrials","electric equipment",""
34,"Caplin Point Laboratories Limited","CAPLIPOINT","2,748.6","5.85%","3,08,471","healthcare","pharmaceuticals - indian - formulations",""
35,"ACME Solar Holdings Ltd","ACMESOLAR","435.25","5.82%","1,20,38,412","realty","engineering - turnkey services",""
36,"Ather Energy Ltd","ATHERENERG","1,640","5.81%","50,10,015","auto","automobiles - scooters and 3 - wheelers",""
37,"Home First Finance Company India Ltd","HOMEFIRST","1,241.3","5.8%","8,73,253","financials","finance - housing",""
38,"Ratnamani Metals & Tubes Limited","RATNAMANI","2,859.1","5.79%","64,084","industrials","steel - medium / small",""
39,"Td Power Systems Limited","TDPOWERSYS","763.75","5.77%","31,39,171","industrials","electric equipment",""
40,"Welspun Enterprises Limited","WELENT","823.35","5.73%","16,75,361","realty","construction",""
41,"Apl Apollo Tubes Limited","APLAPOLLO","2,270.1","5.66%","11,15,754","industrials","steel - large",""
42,"Prabha Energy Ltd","PRABHA","233.01","5.54%","2,62,939","energy","oil drilling / allied services",""
43,"Prudent Corporate Advisory Services Ltd","PRUDENT","3,501.6","5.46%","57,792","financials","finance & investments",""
44,"Global Health Ltd","MEDANTA","1,499.4","5.29%","7,03,445","healthcare","healthcare",""
45,"Cyient DLM Ltd","CYIENTDLM","940.7","5.28%","4,69,640","aerospace & defence","electronics - components",""
46,"Smartworks Coworking Spaces Ltd","SMARTWORKS","547.35","5.28%","2,74,681","co-working","miscellaneous",""
47,"Jubilant Pharmova Ltd","JUBLPHARMA","1,065.4","5.27%","3,08,313","healthcare","pharmaceuticals - indian - bulk drugs",""
48,"Aditya Birla Capital Ltd","ABCAPITAL","410.05","5.14%","48,88,619","financials","finance & investments",""
49,"Mcnally Bharat Engineering Company Limited","MBECL","401.59","5%","1,893","realty","engineering - turnkey services",""
50,"Bodal Chemicals Limited","BODALCHEM","191.23","5%","16,86,113","chemicals","dyes and pigments",""
51,"DEE Development Engineers Ltd","DEEDEV","668.75","4.99%","2,88,664","metals & mining","steel - medium / small",""
52,"Tribhovandas Bhimji Zaveri Limited","TBZ","603.55","4.99%","14,36,925","consumer discretionary","diamond cutting / jewellery",""
53,"Bhageria Industries Limited","BHAGERIA","334.75","4.99%","62,603","chemicals","dyes and pigments",""
54,"One 97 Communications Ltd","PAYTM","1,849.9","4.93%","46,40,337","i.t","miscellaneous",""
55,"Adani Ports And Special Economic Zone Limited","ADANIPORTS","1,824","4.93%","41,48,803","transportation","miscellaneous",""
56,"Emcure Pharmaceuticals Ltd","EMCURE","2,003.8","4.92%","17,44,754","healthcare","pharmaceuticals - indian - bulk drugs & formln",""
57,"Nelco Limited","NELCO","1,011.85","4.83%","6,82,119","telecom","telecommunications - service provider",""
58,"Sudarshan Chemical Industries Limited","SUDARSCHEM","1,263.5","4.82%","3,18,843","chemicals","dyes and pigments",""
59,"Belrise Industries Ltd","BELRISE","240.18","4.71%","1,08,29,670","auto","auto ancillaries",""
60,"Commercial Syn Bags Ltd","COMSYN","306.55","4.62%","8,69,871","industrials","packaging",""
61,"Tilaknagar Industries Limited","TI","568.7","4.57%","16,87,493","fmcg","breweries & distilleries",""
62,"Aegis Logistics Ltd","AEGISLOG","1,415.4","4.55%","13,33,662","services","trading",""
63,"Navin Fluorine International Limited","NAVINFLUOR","8,590","4.5%","2,98,599","chemicals","chemicals",""
64,"Valiant Organics Ltd","VALIANTORG","426.65","4.46%","1,61,458","chemicals","chemicals",""
65,"Sakar Healthcare Ltd","SAKAR","1,179.8","4.45%","1,47,455","healthcare","pharmaceuticals - indian - bulk drugs & formln",""
66,"Share India Securities Ltd","SHAREINDIA","228.15","4.45%","2,49,57,936","financials","finance & investments",""
67,"Nocil Limited","NOCIL","194.56","4.4%","17,32,771","chemicals","chemicals",""
68,"Shriram Pistons & Rings Limited","SHRIPISTON","4,576.6","4.36%","1,51,917","auto","auto ancillaries",""
69,"Honasa Consumer Ltd","HONASA","479.55","4.23%","10,65,010","services","trading",""
70,"Ion Exchange (India) Ltd","IONEXCHANG","442.3","4.23%","4,91,666","realty","engineering - turnkey services",""
71,"Lumax Auto Technologies Limited","LUMAXTECH","2,102.7","4.2%","1,90,451","auto","auto ancillaries",""
72,"Inox India Ltd","INOXINDIA","2,098.8","4.17%","2,29,005","industrials","packaging",""
73,"J.G.Chemicals Ltd","JGCHEM","612.4","4.12%","3,46,503","chemicals","chemicals",""
74,"Gna Axles Limited","GNA","558.55","4.1%","20,62,341","auto","auto ancillaries",""
75,"PVR Inox Ltd","PVRINOX","1,324.7","4.09%","10,50,636","media","entertainment / electronic media software",""
76,"Sanathan Textiles Ltd","SANATHAN","480.85","4.09%","1,07,246","textiles","textiles - cotton/blended",""
77,"Entero Healthcare Solutions Ltd","ENTERO","1,732.3","3.94%","2,44,661","healthcare","trading",""
78,"Neogen Chemicals Ltd","NEOGEN","2,488.4","3.87%","3,55,984","chemicals","chemicals",""
79,"Sona BLW Precision Forgings Ltd","SONACOMS","808","3.87%","42,01,864","auto","auto ancillaries",""
80,"Menon Bearings Limited","MENONBE","316.85","3.87%","88,392","auto","auto ancillaries",""
81,"TBO Tek Ltd","TBOTEK","1,710.6","3.82%","2,12,106","i.t","travel agencies",""
82,"Acutaas Chemicals Ltd","ACUTAAS","3,440.3","3.78%","5,21,496","healthcare","pharmaceuticals - indian - bulk drugs",""
83,"Mps Limited","MPSLTD","2,667.3","3.73%","8,970","i.t","computers - software - medium / small",""
84,"Vadilal Industries Limited","VADILALIND","7,362","3.68%","19,386","fmcg","food - processing - indian",""
85,"Radico Khaitan Limited","RADICO","4,535.4","3.55%","3,71,544","fmcg","breweries & distilleries",""
86,"Sai Life Sciences Ltd","SAILIFE","1,600.5","3.55%","8,67,960","healthcare","pharmaceuticals - indian - bulk drugs & formln",""
87,"Tatva Chintan Pharma Chem Ltd","TATVA","1,770.2","3.54%","91,966","chemicals","chemicals",""
88,"Stel Holdings Limited","STEL","654.2","3.53%","12,670","financials","finance & investments",""
89,"Vijaya Diagnostic Centre Ltd","VIJAYA","1,558.9","3.51%","2,78,137","healthcare","healthcare",""
90,"Man Industries (india) Limited","MANINDS","851.55","3.47%","11,65,509","metals & mining","steel - medium / small",""
91,"Kopran Limited","KOPRAN","277.6","3.35%","24,34,887","healthcare","pharmaceuticals - indian - bulk drugs & formln",""
92,"Rane (madras) Limited","RML","1,324.5","3.33%","89,211","auto","auto ancillaries",""
93,"Shanthi Gears Limited","SHANTIGEAR","700.05","3.31%","90,105","industrials","engineering",""
94,"Kalpataru Projects International Ltd","KPIL","1,445.5","3.3%","2,24,766","realty","transmisson line towers / equipment",""
95,"Orchid Pharma Ltd","ORCHPHARMA","989.7","3.3%","56,527","healthcare","pharmaceuticals - indian - bulk drugs & formln",""
96,"Rswm Limited","RSWM","220.4","3.17%","1,18,034","textiles","textiles - cotton/blended",""
97,"Capri Global Capital Limited","CGCL","270.65","3.16%","63,67,147","financials","finance & investments",""
98,"Heritage Foods Limited","HERITGFOOD","418.1","3.12%","5,67,662","fmcg","food - processing - indian",""
99,"Quality Power Electrical Equipments Ltd","QPOWER","1,536.1","3.11%","2,98,373","industrials","electric equipment",""
100,"Alivus Life Sciences Ltd","ALIVUS","1,430.8","3.1%","3,04,330","healthcare","pharmaceuticals - indian - bulk drugs & formln",""
101,"Healthcare Global Enterprises Limited","HCG","708.25","3.07%","82,273","healthcare","healthcare",""
102,"Til Limited","TIL","257.51","3.03%","1,45,867","industrials","engineering",""
103,"Jk Paper Limited","JKPAPER","430.6","3%","5,72,207","building materials","paper",""
104,"Rbl Bank Limited","RBLBANK","415.9","2.91%","37,92,806","bank","banks - private sector",""
105,"Iol Chemicals And Pharmaceuticals Limited","IOLCP","203.15","2.87%","46,95,376","healthcare","pharmaceuticals - indian - bulk drugs & formln",""
106,"Max Estates Ltd","MAXESTATES","594","2.84%","2,01,561","realty","construction",""
107,"Castrol India Limited","CASTROLIND","197.14","2.83%","96,15,337","chemicals","chemicals",""
108,"Prime Focus Limited","PFOCUS","344.35","2.81%","53,44,944","realty","miscellaneous",""
109,"Va Tech Wabag Limited","WABAG","2,132.6","2.79%","5,35,595","realty","engineering - turnkey services",""
110,"Indo Count Industries Limited","ICIL","447.35","2.72%","3,00,607","textiles","textiles - cotton/blended",""
111,"Innova Captab Ltd","INNOVACAP","1,179.8","2.64%","32,076","healthcare","pharmaceuticals - indian - bulk drugs & formln",""
112,"Ramkrishna Forgings Limited","RKFORGE","724.1","2.64%","4,69,398","industrials","castings & forgings",""
113,"Aurobindo Pharma Limited","AUROPHARMA","1,734","2.6%","12,09,478","healthcare","pharmaceuticals - indian - bulk drugs & formln",""
114,"Hind Rectifiers Limited","HIRECT","1,242.8","2.55%","50,557","consumer discretionary","electronics - components",""
115,"Gandhar Oil Refinery (India) Ltd","GANDHAR","276.2","2.52%","6,70,870","energy","refineries",""
116,"Bharat Heavy Electricals Limited","BHEL","439.9","2.49%","76,69,374","industrials","electric equipment",""
117,"Gufic Biosciences Limited","GUFICBIO","436","2.47%","58,865","healthcare","pharmaceuticals - indian - bulk drugs & formln",""
118,"Wheels India Limited","WHEELS","2,175.7","2.41%","3,11,417","auto","auto ancillaries",""
119,"Garware Technical Fibres Ltd","GARFIBRES","819","2.41%","56,698","textiles","textiles - products",""
120,"Savita Oil Technologies Limited","SOTL","708.05","2.41%","2,36,215","energy","petrochemicals",""
121,"Oracle Financial Services Software Limited","OFSS","11,896","2.38%","1,62,844","i.t","computers - software - large",""
122,"Artemis Medicare Services Ltd","ARTEMISMED","338.5","2.31%","3,35,686","healthcare","healthcare",""
123,"Diffusion Engineers Ltd","DIFFNKG","445.8","2.28%","86,835","industrials","electrodes - welding equipment",""
124,"Krishna Institute of Medical Sciences Ltd","KIMS","809.85","2.27%","12,42,321","healthcare","healthcare",""
125,"Hyundai Motor India Ltd","HYUNDAI","2,208.8","2.26%","7,64,325","auto","automobiles - passenger cars",""
126,"Akums Drugs & Pharmaceuticals Ltd","AKUMS","783.7","2.22%","3,30,477","healthcare","pharmaceuticals - indian - bulk drugs & formln",""
127,"PCBL Ltd","PCBL","336.7","2.22%","12,55,857","chemicals","chemicals",""
128,"Zydus Lifesciences Ltd","ZYDUSLIFE","1,160","2.19%","27,89,186","healthcare","pharmaceuticals - indian - bulk drugs & formln",""
129,"Saregama India Limited","SAREGAMA","499.9","2.18%","3,87,575","media","entertainment / electronic media software",""
130,"Motilal Oswal Financial Services Limited","MOTILALOFS","1,010","2.15%","7,39,629","financials","finance & investments",""
131,"Shyam Metalics & Energy Ltd","SHYAMMETL","1,100","2.14%","11,96,160","metals & mining","steel - large",""
132,"The Ruby Mills Limited","RUBYMILLS","467.1","2.08%","40,821","textiles","textiles - composite",""
133,"Graphite India Limited","GRAPHITE","830.85","2.06%","23,12,208","industrials","electrodes - graphites",""
134,"Dynamatic Technologies Limited","DYNAMATECH","12,061","2.05%","12,437","aerospace & defence","engineering",""
135,"Knowledge Marine & Engineering Works Ltd","KMEW","2,885.6","2.03%","56,943","transportation","miscellaneous",""
136,"Apollo Hospitals Enterprise Limited","APOLLOHOSP","8,944.5","2.01%","3,44,265","healthcare","healthcare",""
137,"MTAR Technologies Ltd","MTARTECH","7,202","2.01%","88,193","aerospace & defence","engineering",""
138,"Security & Intelligence Services India","SIS","428.25","2.01%","1,64,393","miscellaneous","miscellaneous",""
139,"Ipca Laboratories Limited","IPCALAB","2,009.6","1.99%","5,27,501","healthcare","pharmaceuticals - indian - bulk drugs & formln",""
140,"Pricol Ltd.","PRICOLLTD","767.5","1.99%","2,80,279","auto","auto ancillaries",""
141,"Leela Palaces Hotels & Resorts Ltd","THELEELA","540.55","1.99%","1,24,085","services","hotels",""
142,"Vrl Logistics Limited","VRLLOG","293.6","1.98%","1,40,025","transportation","miscellaneous",""
143,"Sharda Motor Industries Limited","SHARDAMOTR","967.05","1.97%","1,21,973","auto","auto ancillaries",""
144,"Action Construction Equipment Limited","ACE","1,229.2","1.96%","8,81,443","industrials","engineering",""
145,"Birla Cable Limited","BIRLACABLE","409.5","1.95%","5,73,898","industrials","cables - telephone",""
146,"Metropolis Healthcare Ltd","METROPOLIS","597.45","1.9%","2,23,299","healthcare","healthcare",""
147,"Nazara Technologies Ltd","NAZARA","369.35","1.88%","30,38,750","i.t","telecommunications - service provider",""
148,"Kovai Medical Center & Hospital Ltd","KOVAI","6,226","1.87%","3,229","healthcare","healthcare",""
149,"Gland Pharma Ltd","GLAND","2,961.9","1.86%","4,92,452","healthcare","pharmaceuticals - indian - formulations",""
150,"Kirloskar Oil Engines Limited","KIRLOSENG","2,160.1","1.86%","4,73,818","industrials","engines",""
151,"Craftsman Automation Ltd","CRAFTSMAN","11,138","1.84%","2,07,605","auto","auto ancillaries",""
152,"Vishnu Chemicals Limited","VISHNU","722.15","1.84%","81,466","chemicals","chemicals",""
153,"Varroc Engineering Ltd","VARROC","861.55","1.82%","2,23,364","auto","auto ancillaries",""
154,"Ajanta Pharma Limited","AJANTPHARM","3,563.6","1.8%","2,01,322","healthcare","pharmaceuticals - indian - formulations",""
155,"Modison Ltd","MODISONLTD","457.6","1.8%","46,210","industrials","electric equipment",""
156,"Gujarat Themis Biosyn Ltd","GUJTHEM","427.4","1.73%","5,80,582","healthcare","pharmaceuticals - indian - bulk drugs",""
157,"Oriental Hotels Limited","ORIENTHOT","143.45","1.73%","12,43,314","services","hotels",""
158,"City Union Bank Limited","CUB","235.79","1.71%","21,96,738","bank","banks - private sector",""
159,"Bhartiya International Limited","BIL","1,040.85","1.7%","9,486","consumer discretionary","leather / leather products",""
160,"Strides Shasun Limited","STAR","1,219.8","1.63%","2,82,913","healthcare","pharmaceuticals - indian - bulk drugs & formln",""
161,"Mm Forgings Limited","MMFL","628.55","1.61%","41,604","industrials","castings & forgings",""
162,"GPT Healthcare Ltd","GPTHEALTH","166.21","1.59%","3,19,398","healthcare","healthcare",""
163,"Goodluck India Limited","GOODLUCK","517.25","1.47%","3,63,708","metals & mining","steel - medium / small",""
164,"Parag Milk Foods Limited","PARAGMILK","268.5","1.47%","15,21,408","fmcg","food - processing - indian",""
165,"Manorama Industries Ltd","MANORAMA","1,966.9","1.43%","97,087","fmcg","food - processing - indian",""
166,"Yuken India Ltd","YUKEN","1,139.2","1.43%","26,377","industrials","engineering",""
167,"Indegene Ltd","INDGN","600.1","1.41%","4,69,267","healthcare","miscellaneous",""
168,"Eternal Ltd","ETERNAL","326.85","1.4%","1,76,96,853","i.t","miscellaneous",""
169,"63 Moons Technologies Ltd","63MOONS","884.75","1.39%","2,31,331","i.t","computers - software - medium / small",""
170,"Jash Engineering Ltd","JASH","521.15","1.39%","1,66,601","industrials","engineering",""
171,"Aegis Vopak Terminals Ltd","AEGISVOPAK","314.95","1.37%","23,42,046","transportation","miscellaneous",""
172,"Voltamp Transformers Limited","VOLTAMP","10,879","1.34%","19,415","industrials","electric equipment",""
173,"Pitti Engineering Ltd","PITTIENG","1,146.1","1.33%","1,57,561","industrials","engineering",""
174,"Unimech Aerospace and Manufacturing Ltd","UNIMECH","1,591.3","1.32%","1,89,186","aerospace & defence","engineering",""
175,"Glenmark Pharmaceuticals Limited","GLENMARK","2,447.4","1.3%","5,45,520","healthcare","pharmaceuticals - indian - bulk drugs & formln",""
176,"Quadrant Future Tek Ltd","QUADFUTURE","528.2","1.28%","16,47,848","industrials","cables - power",""
177,"Rossell Techsys Ltd","ROSSTECH","1,374.3","1.26%","9,11,139","aerospace & defence","engineering",""
178,"Asian Energy Services Ltd","ASIANENE","492.25","1.24%","2,32,493","energy","oil drilling / allied services",""
179,"MSTC Ltd","MSTCLTD","724.05","1.23%","2,13,012","i.t","trading",""
180,"Godrej Agrovet Ltd","GODREJAGRO","661.6","1.22%","1,61,090","fmcg","food - processing - indian",""
181,"Kapston Services Ltd","KAPSTON","584.3","1.21%","40,257","miscellaneous","miscellaneous",""
182,"Tega Industries Ltd","TEGA","1,943","1.2%","11,44,337","industrials","engineering",""
183,"Somany Ceramics Limited","SOMANYCERA","572.6","1.19%","1,03,703","building materials","ceramics - tiles / sanitaryware",""
184,"Deep Industries Ltd","DEEPINDS","743.35","1.18%","1,37,404","energy","oil drilling / allied services",""
185,"Paradeep Phosphates Ltd","PARADEEP","155.62","1.18%","23,14,244","chemicals","fertilizers",""
186,"SML Mahindra Ltd","SMLMAH","6,292.5","1.16%","53,178","auto","automobiles - lcvs / hcvs",""
187,"Bhansali Engineering Polymers Limited","BEPL","128.95","1.16%","8,34,218","energy","petrochemicals",""
188,"Welspun Living Ltd","WELSPUNLIV","214.66","1.14%","35,13,969","textiles","textiles - products",""
189,"Finolex Cables Limited","FINCABLES","1,411.2","1.1%","10,61,919","industrials","cables - power",""
190,"Vindhya Telelinks Limited","VINDHYATEL","2,660","1.04%","35,119","realty","construction",""
191,"Sigma Advanced System Ltd","SIGMAADV","866.1","1.01%","2,55,004","aerospace & defence","electronics - components",""
192,"Anand Rathi Wealth Ltd","ANANDRATHI","2,229.4","1%","8,80,377","financials","finance & investments",""
193,"Uflex Limited","UFLEX","659.45","1%","69,585","industrials","packaging",""
194,"Engineers India Limited","ENGINERSIN","266.35","0.99%","17,32,303","realty","engineering - turnkey services",""
195,"Northern ARC Capital Ltd","NORTHARC","313.6","0.98%","10,62,365","financials","finance & investments",""
196,"Swan Defence and Heavy Industries Ltd","SWANDEF","2,746.4","0.94%","30,702","transportation","miscellaneous",""
197,"Matrimony.com Ltd","MATRIMONY","535.55","0.89%","5,229","miscellaneous","miscellaneous",""
198,"Hindustan Foods Ltd","HNDFDS","625.7","0.86%","57,146","fmcg","diversified - large",""
199,"Aarti Drugs Limited","AARTIDRUGS","431.8","0.81%","88,332","healthcare","pharmaceuticals - indian - bulk drugs",""
200,"Thejo Engineering Ltd","THEJO","2,199.7","0.75%","6,505","industrials","engineering",""
201,"Gujarat Narmada Valley Fertilizers And Chemicals Limited","GNFC","588.9","0.69%","13,59,872","chemicals","chemicals",""
202,"Wockhardt Limited","WOCKPHARMA","2,086.1","0.67%","5,57,349","healthcare","pharmaceuticals - indian - bulk drugs & formln",""
203,"BLS E-Services Ltd","BLSE","316.5","0.64%","2,24,022","i.t","computers - software - medium / small",""
204,"PTC Industries Ltd","PTCIL","22,805","0.6%","28,545","industrials","castings & forgings",""
205,"Granules India Limited","GRANULES","875.5","0.59%","12,00,729","healthcare","pharmaceuticals - indian - bulk drugs & formln",""
206,"Aditya Vision Ltd","AVL","636.95","0.58%","1,47,990","consumer discretionary","trading",""
207,"Divi's Laboratories Limited","DIVISLAB","9,375","0.56%","6,91,534","healthcare","pharmaceuticals - indian - bulk drugs",""
208,"Kddl Limited","KDDL","3,858.4","0.54%","7,233","consumer discretionary","miscellaneous",""
209,"E2E Networks Ltd","E2E","607.65","0.54%","5,95,972","i.t","computers - software - medium / small",""
210,"Aym Syntex Limited","AYMSYNTEX","283.15","0.43%","33,688","textiles","textiles - processing",""
211,"Aether Industries Ltd","AETHER","1,630","0.41%","94,450","chemicals","chemicals",""
212,"Shivalik Bimetal Controls Ltd","SBCL","1,096.2","0.4%","1,06,816","metals & mining","mining / minerals / metals",""
213,"Tourism Finance Corporation Of India Limited","TFCILTD","139.62","0.4%","1,21,65,117","financials","finance - term-lending institutions",""
214,"Shree Pushkar Chemicals & Fertilisers Limited","SHREEPUSHK","514.3","0.35%","44,521","chemicals","dyes and pigments",""
215,"Laurus Labs Limited","LAURUSLABS","1,954","0.3%","26,55,873","healthcare","pharmaceuticals - indian - bulk drugs & formln",""
216,"Morepen Laboratories Limited","MOREPENLAB","120.9","0.28%","1,68,16,327","healthcare","pharmaceuticals - indian - bulk drugs & formln",""
217,"Standard Enginnering Technology Ltd","SETL","402.35","0.22%","9,87,119","industrials","engineering",""
218,"Sanstar Ltd","SANSTAR","115.7","0.14%","1,68,121","fmcg","miscellaneous",""
219,"Oriental Aromatics Ltd","OAL","514.15","0.13%","22,259","chemicals","chemicals",""
220,"Sundram Fasteners Limited","SUNDRMFAST","1,228.2","0.12%","2,37,526","auto","auto ancillaries",""
221,"Anthem Biosciences Ltd","ANTHEM","928.5","0.12%","54,90,000","healthcare","pharmaceuticals - indian - bulk drugs & formln",""
222,"Solara Active Pharma Sciences Ltd","SOLARA","742.05","0.05%","2,60,108","healthcare","pharmaceuticals - indian - bulk drugs & formln",""
223,"Eimco Elecon (india) Limited","EIMCOELECO","2,248.4","0.04%","15,042","industrials","engineering",""
224,"Bhagyanagar India","BHAGYANGR","446.7","0.04%","3,29,482","power & utilities","power generation and supply",""
225,"Raymond Limited","RAYMOND","978","-0.02%","20,69,600","transportation","transport - airlines",""
226,"Fine Organic Industries Ltd","FINEORG","5,199","-0.06%","45,907","chemicals","chemicals",""
227,"Redington (india) Limited","REDINGTON","399.85","-0.06%","1,08,09,796","services","trading",""
228,"Dcb Bank Limited","DCBBANK","218.35","-0.07%","14,45,096","bank","banks - private sector",""
229,"Multi Commodity Exchange Of India Limited","MCX","3,260","-0.16%","21,97,423","financials","miscellaneous",""
230,"India Nippon Electricals Limited","INDNIPPON","1,260","-0.17%","32,358","auto","auto ancillaries",""
231,"Centum Electronics Limited","CENTUM","4,333.3","-0.23%","41,693","aerospace & defence","electronics - components",""
232,"Asian Hotels (north) Limited","ASIANHOTNR","374.9","-0.24%","25,728","services","hotels",""
233,"Vardhman Special Steels Limited","VSSL","404.7","-0.33%","1,54,256","metals & mining","steel - medium / small",""
234,"Spectrum Electrical Industries Ltd","SPECTRUM","3,039.6","-0.35%","4,924","industrials","electric equipment",""
235,"Hindustan Oil Exploration Company Limited","HINDOILEXP","180.29","-0.36%","5,25,134","energy","oil drilling / allied services",""
236,"Maharashtra Seamless Limited","MAHSEAMLES","717.55","-0.37%","1,77,765","metals & mining","steel - medium / small",""
237,"Quess Corp Limited","QUESS","351.65","-0.38%","7,99,867","miscellaneous","diversified - large",""
238,"Manoj Vaibhav Gems N Jewellers Ltd","MVGJL","214.47","-0.42%","5,09,506","consumer discretionary","diamond cutting / jewellery",""
239,"Mangalam Cement Limited","MANGLMCEM","1,030.8","-0.43%","36,083","building materials","cement - north india",""
240,"Ram Ratna Wires Ltd","RAMRAT","554.75","-0.51%","1,45,032","metals & mining","mining / minerals / metals",""
241,"Stove Kraft Ltd","STOVEKRAFT","829.3","-0.52%","75,158","consumer discretionary","domestic appliances",""
242,"N R Agarwal Industries Ltd","NRAIL","625.2","-0.53%","18,686","building materials","paper",""
243,"Kiri Industries Limited","KIRIINDUS","531.75","-0.69%","3,84,478","chemicals","dyes and pigments",""
244,"Seamec Limited","SEAMECLTD","1,726.3","-0.7%","27,243","miscellaneous","miscellaneous",""
245,"Windlas Biotech Ltd","WINDLAS","1,109.45","-0.73%","71,125","healthcare","pharmaceuticals - indian - formulations",""
246,"Rpg Life Sciences Limited","RPGLIFE","2,802.4","-0.78%","17,373","healthcare","pharmaceuticals - indian - bulk drugs & formln",""
247,"Ig Petrochemicals Limited","IGPL","550.15","-0.79%","52,110","chemicals","chemicals",""
248,"Allied Blenders & Distillers Ltd","ABDL","647.6","-0.84%","4,37,696","fmcg","breweries & distilleries",""
249,"Vintage Coffee & Beverages Ltd","VINCOFE","174.19","-1.01%","16,35,637","consumer discretionary","trading",""
250,"Sterlite Technologies Limited","STLTECH","818.8","-1.05%","17,35,063","industrials","cables - telephone",""
251,"Kross Ltd","KROSS","239.19","-1.18%","13,24,987","auto","auto ancillaries",""
252,"Dolphin Offshore Enterprises (India) Ltd","DOLPHIN","665.5","-1.22%","27,025","energy","oil drilling / allied services",""
253,"Tamilnadu Petroproducts Limited","TNPETRO","125.73","-1.26%","8,48,214","energy","petrochemicals",""
254,"Bliss Gvs Pharma Limited","BLISSGVS","681.85","-1.27%","1,68,694","healthcare","pharmaceuticals - indian - formulations",""
255,"Foseco India Limited","FOSECOIND","6,677.5","-1.3%","44,756","chemicals","chemicals",""
256,"Ind-swift Laboratories Limited","INDSWFTLAB","373.25","-1.32%","3,99,757","healthcare","pharmaceuticals - indian - bulk drugs & formln",""
257,"Arrow Greentech Limited","ARROWGREEN","889.25","-1.47%","50,512","plastic products","plastics products",""
258,"Ratnaveer Precision Engineering Ltd","RATNAVEER","299.25","-1.51%","98,60,141","metals & mining","steel - medium / small",""
259,"Kalyani Steels Limited","KSL","955.05","-1.6%","67,867","metals & mining","steel - medium / small",""
260,"Novartis India Ltd","NOVARTIND","2,046.8","-1.7%","76,794","healthcare","pharmaceuticals - multinational",""
261,"Rishabh Instruments Ltd","RISHABH","764.7","-1.75%","72,318","industrials","electric equipment",""
262,"Renaissance Global Ltd","RGL","153.4","-1.97%","3,52,268","consumer discretionary","diamond cutting / jewellery",""
263,"Gocl Corporation Limited","GOCLCORP","446.1","-2.2%","5,22,016","miscellaneous","diversified - medium / small",""
264,"Antelopus Selan Energy Ltd","ANTELOPUS","1,104.85","-2.3%","5,55,265","energy","oil drilling / allied services",""
265,"Diamond Power Infrastructure Ltd","DIACABS","366.8","-2.46%","7,59,461","industrials","cables - power",""
266,"eMudhra Ltd","EMUDHRA","613.45","-3.14%","12,72,884","i.t","computers - software - medium / small",""
267,"Optiemus Infracom Ltd","OPTIEMUS","590.1","-3.26%","1,90,406","telecom","trading",""
268,"RACL Geartech Ltd","RACLGEAR","1,760.9","-3.72%","49,043","auto","auto ancillaries",""
269,"Ceigall India Ltd","CEIGALL","373.75","-4.17%","3,07,512","realty","construction",""